sample_idx,k_active,active_sources,sep_fail_sources,nf_miss_to_0_sources,mean_sisdri_db,min_sisdri_db,collapse_cos_01,collapse_cos_02,collapse_cos_12,max_collapse_cos
223,3,3,3,0,-6.772157205910186,-13.82864321056556,0.9502109885215759,0.9513804912567139,0.9534211158752441,0.9534211158752441
258,3,3,2,0,-7.419963281850722,-14.952935665343238,0.9497074484825134,0.9453897476196289,0.9385907053947449,0.9497074484825134
81,3,3,2,1,4.572006536870393,-13.200008056247897,0.515781581401825,0.04488296061754227,0.6640673875808716,0.6640673875808716
198,3,3,2,1,8.29994913077031,-9.921180788264355,0.2642143666744232,0.02969811111688614,0.8203562498092651,0.8203562498092651
493,3,3,2,0,0.36886621774475564,-7.161568622276454,0.5800362229347229,0.4507535398006439,0.43691879510879517,0.5800362229347229
100,3,3,2,1,-0.6209874895169746,-5.293128569729256,0.8037710189819336,0.8160969018936157,0.7060061693191528,0.8160969018936157
408,3,3,2,1,-0.4083296463027555,-4.949721546351281,0.6796210408210754,0.6051157116889954,0.3823614716529846,0.6796210408210754
470,3,3,2,0,4.64846413885801,-2.9469744293195754,0.3199250400066376,0.2309798151254654,0.4959341585636139,0.4959341585636139
120,3,3,2,1,-0.8897804454495177,-1.7427333825939644,0.7096059918403625,0.5811545848846436,0.4187004864215851,0.7096059918403625
107,3,3,1,0,-0.2885422061745639,-40.13598180880796,0.19435229897499084,0.05916488543152809,0.843280553817749,0.843280553817749
443,3,3,1,0,-2.6714183961933364,-34.31327275165327,0.29883331060409546,0.13066786527633667,0.6035879850387573,0.6035879850387573
346,3,3,1,1,-2.560247911347471,-25.325880376316565,0.5428053736686707,0.6028135418891907,0.10632457584142685,0.6028135418891907
477,3,3,1,0,-0.3326531982368933,-24.5744136476011,0.7533562183380127,0.042249325662851334,0.15064674615859985,0.7533562183380127
177,3,3,1,0,-1.8515488646748317,-23.94652146317133,0.7097375988960266,0.08280880749225616,0.14255666732788086,0.7097375988960266
50,3,3,1,1,5.136813085097338,-23.70203434179258,0.35537752509117126,0.03179539740085602,0.8222255110740662,0.8222255110740662
344,3,3,1,1,-0.072791388147681,-18.436496874226616,0.4509955644607544,0.7688824534416199,0.25896844267845154,0.7688824534416199
152,3,3,1,1,3.919421290384563,-18.26315443011747,0.41032856702804565,0.5327613949775696,0.08994127064943314,0.5327613949775696
136,3,3,1,1,3.0936270316928725,-15.185440012619894,0.5660684108734131,0.4580582082271576,0.1746998280286789,0.5660684108734131
468,3,3,1,0,0.3164269230614485,-14.8507702313204,0.5676467418670654,0.6944504380226135,0.24637490510940552,0.6944504380226135
447,3,3,1,1,4.3439408778720425,-14.719229530677834,0.11041661351919174,0.06521741300821304,0.8256517052650452,0.8256517052650452
415,3,3,1,0,3.0897671545097025,-13.05586928843302,0.7622573971748352,0.3945825695991516,0.6330686807632446,0.7622573971748352
430,3,3,1,1,10.50969897282711,-12.91242608443114,0.6538140773773193,0.04073828086256981,0.68288654088974,0.68288654088974
11,3,3,1,0,5.056014210650826,-10.598978134584865,0.20280782878398895,0.24516470730304718,0.9181007742881775,0.9181007742881775
280,3,3,1,1,3.4051616353845517,-10.409889053729458,0.879751443862915,0.08099553734064102,0.3137384057044983,0.879751443862915
396,3,3,1,0,5.315737943948245,-10.265027702471102,0.166911318898201,0.14933359622955322,0.6762830018997192,0.6762830018997192
43,3,3,1,0,3.688502171016097,-10.227945497482228,0.6588104367256165,0.15413810312747955,0.43096843361854553,0.6588104367256165
445,3,3,1,0,7.764831925754694,-9.485960090700548,0.1344156414270401,0.06689020246267319,0.8641191124916077,0.8641191124916077
240,3,3,1,0,-1.9582068610108905,-9.340577425193286,0.9293681383132935,0.9328583478927612,0.9325597882270813,0.9328583478927612
57,3,3,1,0,5.892799545933978,-8.913400132446956,0.6352421641349792,0.06629189848899841,0.3376120328903198,0.6352421641349792
224,3,3,1,1,8.183211124625432,-8.769047575564322,0.8451041579246521,0.6905055046081543,0.6372244358062744,0.8451041579246521
146,3,3,1,1,2.725476515983585,-8.765262640025169,0.7609183192253113,0.40041279792785645,0.14601008594036102,0.7609183192253113
413,3,3,1,1,6.687711019060404,-8.656844617593054,0.7872169613838196,0.6867467761039734,0.40132907032966614,0.7872169613838196
310,3,3,1,1,8.637938134944468,-8.498393935163111,0.8032808899879456,0.35847166180610657,0.24357585608959198,0.8032808899879456
131,3,3,1,1,2.7188830687422705,-8.470224681245586,0.899315357208252,0.6504871249198914,0.6156771183013916,0.899315357208252
213,3,3,1,0,7.458293389562232,-8.34514248055777,0.2301749289035797,0.0785273090004921,0.8154208064079285,0.8154208064079285
209,3,3,1,1,0.18028026693072471,-8.25307918556126,0.711249828338623,0.7541536092758179,0.5659522414207458,0.7541536092758179
44,3,3,1,1,4.654326581109455,-8.001760786700007,0.7240080833435059,0.36923274397850037,0.11410027742385864,0.7240080833435059
132,3,3,1,1,8.161080300565542,-7.881192766815936,0.20244984328746796,0.07211121171712875,0.846338152885437,0.846338152885437
337,3,3,1,0,2.08955100111292,-7.765874121150315,0.6256306767463684,0.22108186781406403,0.34087076783180237,0.6256306767463684
97,3,3,1,1,1.8850731817221806,-7.521020169810088,0.7102324962615967,0.6227915287017822,0.3031807541847229,0.7102324962615967
265,3,3,1,0,-1.6042511879204178,-7.396740755716423,0.6676084399223328,0.5747174024581909,0.6368156671524048,0.6676084399223328
20,3,3,1,0,7.694522495814723,-6.827165102942479,0.17932026088237762,0.21576093137264252,0.9363320469856262,0.9363320469856262
349,3,3,1,1,15.190724601317783,-6.470356386956354,0.6220369935035706,0.18408270180225372,0.6718514561653137,0.6718514561653137
354,3,3,1,1,3.186906323442713,-6.268438312724909,0.6601038575172424,0.6596507430076599,0.3848729729652405,0.6601038575172424
119,3,3,1,1,0.5265614531268071,-5.930911840843545,0.7640243172645569,0.47317764163017273,0.38282203674316406,0.7640243172645569
393,3,3,1,1,7.052731002902411,-5.743251416106514,0.4557283818721771,0.6711104512214661,0.1088598221540451,0.6711104512214661
214,3,3,1,1,6.68217425915205,-5.453828217027716,0.7035241723060608,0.4538159966468811,0.11642511934041977,0.7035241723060608
153,3,3,1,1,3.136537330196774,-5.05350082322656,0.7642247676849365,0.6293820142745972,0.35221534967422485,0.7642247676849365
496,3,3,1,0,6.479012019005187,-4.850324773105484,0.07198803126811981,0.07139277458190918,0.20498737692832947,0.20498737692832947
465,3,3,1,1,5.460190159972413,-4.686657785288025,0.7130564451217651,0.5171514749526978,0.15787366032600403,0.7130564451217651
376,3,3,1,1,0.20329103448806599,-4.646424414053591,0.8425629138946533,0.6609216332435608,0.6786220073699951,0.8425629138946533
46,3,3,1,1,2.936020631513607,-4.498547880097567,0.7347729802131653,0.4075222611427307,0.5702037215232849,0.7347729802131653
99,3,3,1,0,9.137804520436864,-4.397550880626586,0.6774450540542603,0.19937168061733246,0.4232387840747833,0.6774450540542603
82,3,3,1,0,3.667491792142654,-3.9497354672107736,0.5861184597015381,0.18419019877910614,0.5142356753349304,0.5861184597015381
257,3,3,1,0,3.865557266075792,-3.886313299591711,0.2381477952003479,0.17913202941417694,0.7163435816764832,0.7163435816764832
267,3,3,1,0,10.86334635830078,-3.722740363518427,0.11220396310091019,0.07247849553823471,0.7103737592697144,0.7103737592697144
113,3,3,1,1,9.478477618981247,-3.696115266257886,0.309861958026886,0.03342330455780029,0.7136484384536743,0.7136484384536743
34,3,3,1,0,8.107654117925144,-3.6495401723536127,0.18178507685661316,0.08457537740468979,0.5871005654335022,0.5871005654335022
168,3,3,1,0,3.9953301461065265,-3.6185198170098003,0.2751276195049286,0.1680033951997757,0.646348237991333,0.646348237991333
419,3,3,1,1,3.2048936929126426,-3.0669450778390104,0.8255119323730469,0.7053743600845337,0.5890346765518188,0.8255119323730469
333,3,3,1,1,1.4597133907323652,-2.860797456443078,0.7814134955406189,0.6025586128234863,0.5673884153366089,0.7814134955406189
186,3,3,1,1,9.668057652158849,-2.5073538666296207,0.29153868556022644,0.04487305507063866,0.8599794507026672,0.8599794507026672
49,3,3,1,0,11.002756872228678,-2.418551526852493,0.7840446829795837,0.40787771344184875,0.10320349782705307,0.7840446829795837
166,3,3,1,0,7.515754505014793,-2.384565568729071,0.12486536055803299,0.06464698165655136,0.30086565017700195,0.30086565017700195
292,3,3,1,1,8.236343322166817,-2.136200269839051,0.7663958668708801,0.7098774313926697,0.4998348355293274,0.7663958668708801
59,3,3,1,1,11.229727900840798,-2.1162245651258367,0.7856537699699402,0.3640732169151306,0.08182065188884735,0.7856537699699402
497,3,3,1,0,9.480599590147813,-2.1118248471995518,0.345427930355072,0.04162861406803131,0.2035052329301834,0.345427930355072
37,3,3,1,0,11.32312541045544,-2.1115197700248656,0.17342503368854523,0.11680348217487335,0.37773534655570984,0.37773534655570984
382,3,3,1,1,11.223842930567313,-2.039995843925043,0.24960166215896606,0.03617618978023529,0.8342851400375366,0.8342851400375366
386,3,3,1,0,3.7493235059983885,-1.991784149796124,0.8311556577682495,0.3892786204814911,0.5896095037460327,0.8311556577682495
317,3,3,1,0,7.374352412211464,-1.9537182554879537,0.14882495999336243,0.08685893565416336,0.48923078179359436,0.48923078179359436
467,3,3,1,1,11.144428626429233,-1.880909434114919,0.45371490716934204,0.08653322607278824,0.7869625091552734,0.7869625091552734
3,3,3,1,1,6.409921398252103,-1.734701253126305,0.48015403747558594,0.062387533485889435,0.4879419505596161,0.4879419505596161
340,3,3,1,1,5.1093757259687,-1.7192182317563374,0.5798934698104858,0.674397349357605,0.3240143954753876,0.674397349357605
19,3,3,1,1,9.589028109200182,-1.6445343277196933,0.2926182150840759,0.06590041518211365,0.7916921377182007,0.7916921377182007
281,3,3,1,0,0.6567091885200215,-1.412932010013288,0.8176502585411072,0.6565778255462646,0.6602210402488708,0.8176502585411072
279,3,3,1,0,7.503453268576636,-1.3272748600514488,0.4769609272480011,0.10245545208454132,0.25230923295021057,0.4769609272480011
65,3,3,1,0,5.282631597627542,-1.3050951619384648,0.27568942308425903,0.1339045763015747,0.4648454785346985,0.4648454785346985
422,3,3,1,0,9.888572908013213,-1.269855299626091,0.06079277768731117,0.05439642444252968,0.48085904121398926,0.48085904121398926
237,3,3,1,1,6.630585066203022,-1.2263196574370427,0.5144894123077393,0.8592673540115356,0.4359612762928009,0.8592673540115356
369,3,3,1,0,5.132088159072006,-1.1911653173590908,0.6113781929016113,0.7489597201347351,0.28944918513298035,0.7489597201347351
212,3,3,1,1,6.520658101665443,-0.9983875902897124,0.24787704646587372,0.17071354389190674,0.8959681391716003,0.8959681391716003
162,3,3,1,0,5.593452441386085,-0.6972537527651248,0.4132942855358124,0.12544651329517365,0.4544028341770172,0.4544028341770172
148,3,3,1,0,0.6811269462885319,-0.6492040698510761,0.2781597971916199,0.191304549574852,0.5212836265563965,0.5212836265563965
135,3,3,1,0,5.3226140768170955,-0.5163551932282813,0.1958080381155014,0.10770116746425629,0.40817975997924805,0.40817975997924805
33,3,3,1,1,7.819284429274073,-0.49324373396077803,0.3763701915740967,0.06949753314256668,0.8273312449455261,0.8273312449455261
341,3,3,1,1,5.928946790910345,-0.41063127329325155,0.7510007619857788,0.5325090289115906,0.31452319025993347,0.7510007619857788
225,3,3,1,0,8.609183719153263,-0.39075161167356964,0.13265778124332428,0.11488477140665054,0.5509542226791382,0.5509542226791382
143,3,3,1,0,12.230185945610813,-0.30746602387000643,0.12437570840120316,0.08477558940649033,0.5528521537780762,0.5528521537780762
73,3,3,0,1,8.868322798848672,0.06780083550541072,0.296560138463974,0.06251610815525055,0.7913642525672913,0.7913642525672913
326,3,3,0,0,7.111029079275757,0.2036787291834845,0.8149202466011047,0.590378999710083,0.8093485236167908,0.8149202466011047
95,3,3,0,1,5.1013267982434005,0.2886966667264379,0.7486616373062134,0.6974965333938599,0.6906865835189819,0.7486616373062134
327,3,3,0,1,8.270621314525712,0.4441634833077073,0.8373774886131287,0.696391761302948,0.5129318237304688,0.8373774886131287
35,3,3,0,0,10.29737114784508,0.5266252183534952,0.18078777194023132,0.18162788450717926,0.6610475778579712,0.6610475778579712
343,3,3,0,0,2.3325496481037598,0.5641270498714714,0.5079281330108643,0.4338623285293579,0.31890809535980225,0.5079281330108643
140,3,3,0,0,3.8694740854206557,0.7131103130922138,0.44101274013519287,0.13828812539577484,0.218990758061409,0.44101274013519287
155,3,3,0,0,8.807914973054848,0.8684544489898212,0.13706877827644348,0.11764355003833771,0.5056752562522888,0.5056752562522888
226,3,3,0,0,4.647184423180948,0.8925174426241058,0.5228208303451538,0.2593930661678314,0.2543167769908905,0.5228208303451538
476,3,3,0,0,9.002982567299293,0.9821290111503891,0.8198788166046143,0.7318546772003174,0.4973736107349396,0.8198788166046143
29,3,3,0,0,16.31846954666618,1.0679270972742412,0.796532928943634,0.04721665754914284,0.3477184772491455,0.796532928943634
377,3,3,0,0,6.817954149048703,1.0968911495330627,0.32849740982055664,0.19849660992622375,0.44176891446113586,0.44176891446113586
306,3,3,0,1,2.9087603387167795,1.1190085442576692,0.6878740191459656,0.4791613221168518,0.34860870242118835,0.6878740191459656
428,3,3,0,0,12.96353816392954,1.3023378539851347,0.3024260401725769,0.08032482117414474,0.8441510200500488,0.8441510200500488
294,3,3,0,1,5.9534729738352326,1.493179740538133,0.6268187165260315,0.3679233491420746,0.2078036665916443,0.6268187165260315
133,3,3,0,1,10.123070970739446,1.5214070092761531,0.7229422926902771,0.4653870761394501,0.06291070580482483,0.7229422926902771
202,3,3,0,0,12.730601581604851,1.542473392550903,0.49844568967819214,0.05700270086526871,0.6336544752120972,0.6336544752120972
411,3,3,0,1,16.336990850143177,1.5964641377392397,0.7921454310417175,0.02762228436768055,0.20103949308395386,0.7921454310417175
206,3,3,0,1,10.209511308565235,1.6578715249040945,0.6943839192390442,0.632510781288147,0.2458164095878601,0.6943839192390442
489,3,3,0,0,12.511564540492792,1.9576988392070174,0.12535949051380157,0.10799460858106613,0.6379737257957458,0.6379737257957458
309,3,3,0,0,4.270586519589574,1.9604109527861036,0.5790373682975769,0.22813370823860168,0.19491662085056305,0.5790373682975769
144,3,3,0,1,14.306921768768623,2.2088685729355824,0.4637514352798462,0.7318794131278992,0.08595404028892517,0.7318794131278992
307,3,3,0,0,7.23838962146385,2.3506520886551834,0.24125725030899048,0.1485462635755539,0.582207977771759,0.582207977771759
362,3,3,0,0,7.263019094210999,2.356360557517445,0.14070403575897217,0.1568009853363037,0.6741676926612854,0.6741676926612854
269,3,3,0,1,15.014700862022684,2.3834636346565254,0.18500882387161255,0.049227192997932434,0.7822543382644653,0.7822543382644653
371,3,3,0,1,10.92695583267835,2.4722542084966697,0.7094579935073853,0.6129869222640991,0.23666739463806152,0.7094579935073853
483,3,3,0,0,7.325237066094988,2.65569778856875,0.5672853589057922,0.2705450654029846,0.7249691486358643,0.7249691486358643
154,3,3,0,0,13.179088876530152,2.6947237814912883,0.2051371932029724,0.05357284098863602,0.3138776123523712,0.3138776123523712
41,3,3,0,0,11.049671689752728,2.713634707825281,0.09249722957611084,0.08233754336833954,0.6158342957496643,0.6158342957496643
187,3,3,0,0,8.97341209192149,2.8336254066419366,0.2832794785499573,0.21230384707450867,0.1853499859571457,0.2832794785499573
299,3,3,0,0,11.971346981753397,2.962097153557932,0.21685300767421722,0.11325976997613907,0.3598460555076599,0.3598460555076599
336,3,3,0,1,17.228219065573146,2.986143247837415,0.41590991616249084,0.05244472250342369,0.7551665902137756,0.7551665902137756
463,3,3,0,1,8.784394926228709,3.238540207879911,0.8243818283081055,0.6498399376869202,0.4221939444541931,0.8243818283081055
174,3,3,0,1,8.480360361383326,3.266859256269292,0.8244471549987793,0.5815390944480896,0.3426048457622528,0.8244471549987793
404,3,3,0,0,11.922040249093834,3.463606412610912,0.7483670115470886,0.09808968752622604,0.05323639512062073,0.7483670115470886
208,3,3,0,0,15.800079324826449,3.5236146008446205,0.740484356880188,0.0419745147228241,0.4193590581417084,0.740484356880188
390,3,3,0,0,9.093753777392326,3.6676326236937484,0.17231178283691406,0.1410546749830246,0.60689377784729,0.60689377784729
288,3,3,0,0,6.762735079022957,3.770034193015281,0.4571976959705353,0.16390883922576904,0.21308939158916473,0.4571976959705353
31,3,3,0,0,7.772987385591333,3.9445880937094504,0.8037458062171936,0.574819803237915,0.6344876289367676,0.8037458062171936
69,3,3,0,0,12.712298277027037,3.9488344719030435,0.12315801531076431,0.06910164654254913,0.7947098016738892,0.7947098016738892
163,3,3,0,0,8.277596524104133,3.974711902763319,0.08536627143621445,0.0982450321316719,0.23967301845550537,0.23967301845550537
389,3,3,0,1,10.229607040252732,4.09354405556638,0.6463493704795837,0.5898536443710327,0.10707811266183853,0.6463493704795837
303,3,3,0,0,9.151823021047063,4.110615333053573,0.7563437819480896,0.6387104988098145,0.31330323219299316,0.7563437819480896
417,3,3,0,0,11.978507986986747,4.124317657474115,0.1425311118364334,0.1149202212691307,0.4695528745651245,0.4695528745651245
5,3,3,0,0,13.455475790462968,4.314468472264915,0.2280001938343048,0.07728215306997299,0.7797083258628845,0.7797083258628845
197,3,3,0,1,6.528850489123019,4.453444701686635,0.7421386241912842,0.7887046933174133,0.6406605839729309,0.7887046933174133
139,3,3,0,0,9.627930130390544,4.51632804796598,0.6392341256141663,0.6995306015014648,0.24570421874523163,0.6995306015014648
151,3,3,0,0,9.554156795603006,4.63678012377931,0.546191394329071,0.5466753840446472,0.4616905748844147,0.5466753840446472
360,3,3,0,0,11.080561336755963,4.8444446946404245,0.18568305671215057,0.1004541739821434,0.5248697400093079,0.5248697400093079
402,3,3,0,0,11.716843504648955,4.845522015691396,0.2658821940422058,0.08896683156490326,0.6469159126281738,0.6469159126281738
134,3,3,0,0,9.790636335238407,4.852041695212404,0.18920348584651947,0.09778155386447906,0.3579181432723999,0.3579181432723999
21,3,3,0,0,9.008708079485329,5.185089672207007,0.6560747623443604,0.6210854649543762,0.24633120000362396,0.6560747623443604
446,3,3,0,0,9.029778721190027,5.2508388348457995,0.16832605004310608,0.10446346551179886,0.40338942408561707,0.40338942408561707
78,3,3,0,0,10.28332517676832,5.260258808432093,0.10721368342638016,0.06936608999967575,0.69698166847229,0.69698166847229
233,3,3,0,0,11.5134975601512,5.289070612307316,0.2667635679244995,0.18120737373828888,0.45076876878738403,0.45076876878738403
80,3,3,0,0,14.008055112397459,5.327743142126028,0.22254642844200134,0.15443553030490875,0.21773740649223328,0.22254642844200134
234,3,3,0,0,13.276293378300858,5.346528968934123,0.39017799496650696,0.033366285264492035,0.7310579419136047,0.7310579419136047
329,3,3,0,0,17.607828216780995,5.370747681746375,0.15680809319019318,0.07404676079750061,0.46743935346603394,0.46743935346603394
266,3,3,0,0,13.842738431845987,5.440262254374687,0.7866581678390503,0.04182393103837967,0.3183952569961548,0.7866581678390503
351,3,3,0,0,9.283075231965086,5.470762301171517,0.6091336011886597,0.2260507345199585,0.407086580991745,0.6091336011886597
276,3,3,0,0,10.47749970599923,5.492997119323599,0.824779748916626,0.4725779592990875,0.4532143473625183,0.824779748916626
356,3,3,0,0,12.41872353391638,5.565578760087478,0.3410133719444275,0.14311583340168,0.7691203355789185,0.7691203355789185
263,3,3,0,0,7.697730208281087,5.595830459299839,0.5127092003822327,0.46644991636276245,0.3417205214500427,0.5127092003822327
12,3,3,0,0,10.798149624719992,5.65389735541093,0.47643783688545227,0.19753476977348328,0.4426703155040741,0.47643783688545227
471,3,3,0,0,12.57739823646937,5.675745142739949,0.1435398906469345,0.11218713223934174,0.7430110573768616,0.7430110573768616
322,3,3,0,0,11.046471199281996,5.688157859595478,0.32282570004463196,0.20992687344551086,0.7138875722885132,0.7138875722885132
161,3,3,0,1,16.013333704110057,5.793746749002432,0.6770437359809875,0.5799873471260071,0.13485144078731537,0.6770437359809875
397,3,3,0,0,12.212796354834987,5.930320530404744,0.505983829498291,0.07603920996189117,0.3872483968734741,0.505983829498291
220,3,3,0,2,7.712281359752133,5.974330337022464,0.644378125667572,0.47910428047180176,0.8611687421798706,0.8611687421798706
28,3,3,0,0,8.44106925882693,6.027824928171435,0.514480471611023,0.23236459493637085,0.37694090604782104,0.514480471611023
191,3,3,0,0,10.526779476168658,6.030738237544428,0.13771827518939972,0.09481348097324371,0.23726162314414978,0.23726162314414978
273,3,3,0,1,16.037484798418205,6.031791888657224,0.36876505613327026,0.01816968061029911,0.8004865646362305,0.8004865646362305
291,3,3,0,0,11.718128197943749,6.03937597826279,0.7651098370552063,0.44218653440475464,0.35624900460243225,0.7651098370552063
474,3,3,0,0,11.15086791059538,6.052855322622882,0.23550093173980713,0.11251653730869293,0.7495114803314209,0.7495114803314209
149,3,3,0,0,13.724894869192639,6.105054900421918,0.5234003663063049,0.04261248931288719,0.4579222500324249,0.5234003663063049
457,3,3,0,0,12.63759367818591,6.1171647350833265,0.34380006790161133,0.1512247622013092,0.38194265961647034,0.38194265961647034
194,3,3,0,1,14.94602604716249,6.143235751324815,0.3691667914390564,0.04612457752227783,0.7924366593360901,0.7924366593360901
204,3,3,0,1,16.132088107120993,6.189854001093609,0.3695935010910034,0.03430318832397461,0.8087686896324158,0.8087686896324158
418,3,3,0,1,7.6173692781740385,6.230596044723354,0.6636695265769958,0.7931755185127258,0.46975553035736084,0.7931755185127258
308,3,3,0,0,15.888013672420923,6.245859624722753,0.10655294358730316,0.07306640595197678,0.27866965532302856,0.27866965532302856
239,3,3,0,0,14.301611644171011,6.416102209440453,0.5837234258651733,0.09904339164495468,0.06966450065374374,0.5837234258651733
253,3,3,0,0,11.771082514662686,6.486267352713936,0.3957940340042114,0.19886669516563416,0.14330559968948364,0.3957940340042114
426,3,3,0,1,16.13262926634645,6.493851710779856,0.5011183619499207,0.03818914666771889,0.5085057020187378,0.5085057020187378
76,3,3,0,1,13.78184879667372,6.524758920840549,0.7880051732063293,0.37491655349731445,0.08171559125185013,0.7880051732063293
255,3,3,0,1,15.996435983566764,6.528013614411439,0.33906590938568115,0.02590280957520008,0.6261725425720215,0.6261725425720215
312,3,3,0,1,8.89490029263544,6.554920694256761,0.7991300225257874,0.4520571529865265,0.19804638624191284,0.7991300225257874
137,3,3,0,1,12.712964611394915,6.573428402151185,0.5295806527137756,0.030054660513997078,0.6849167346954346,0.6849167346954346
330,3,3,0,0,14.384673621581795,6.662314394200886,0.19501349329948425,0.10897104442119598,0.33897683024406433,0.33897683024406433
55,3,3,0,0,11.68384537772198,6.774673534121734,0.8581358194351196,0.35950809717178345,0.22726508975028992,0.8581358194351196
421,3,3,0,0,9.933540876269076,6.872100402198832,0.19498786330223083,0.12909722328186035,0.6832171678543091,0.6832171678543091
39,3,3,0,1,15.725756486301846,6.943163809658072,0.44588005542755127,0.07357224076986313,0.4109414517879486,0.44588005542755127
338,3,3,0,1,13.231731904782572,7.0143538609718945,0.3227429986000061,0.08570876717567444,0.6859576106071472,0.6859576106071472
437,3,3,0,1,10.100106377580403,7.016574791505229,0.7759039402008057,0.34136906266212463,0.37359878420829773,0.7759039402008057
373,3,3,0,1,11.559463543041081,7.11463367602464,0.747512698173523,0.6201745271682739,0.20356298983097076,0.747512698173523
235,3,3,0,1,10.295375481496384,7.13925829012233,0.6107229590415955,0.22911958396434784,0.4376860558986664,0.6107229590415955
332,3,3,0,0,7.705326365480874,7.143602243270501,0.42312294244766235,0.10068988800048828,0.13401740789413452,0.42312294244766235
116,3,3,0,1,9.934698247871127,7.160538516411124,0.7555859088897705,0.45641010999679565,0.28332123160362244,0.7555859088897705
484,3,3,0,0,11.993742570285496,7.217691480763648,0.5348102450370789,0.18040920794010162,0.613262414932251,0.613262414932251
249,3,3,0,0,11.068513762809031,7.2402940131566815,0.31177499890327454,0.1918092966079712,0.4385572373867035,0.4385572373867035
150,3,3,0,0,11.999802618984097,7.338674661518127,0.44761723279953003,0.04561090096831322,0.12750782072544098,0.44761723279953003
175,3,3,0,0,11.41086452683039,7.45803046262964,0.6514787673950195,0.09238822013139725,0.5526348948478699,0.6514787673950195
366,3,3,0,1,10.092426138656394,7.464489171049634,0.7787159085273743,0.742941677570343,0.5194005966186523,0.7787159085273743
102,3,3,0,0,16.038549607683617,7.7101483638938815,0.5714857578277588,0.0703851506114006,0.4001525342464447,0.5714857578277588
205,3,3,0,0,11.92090591364486,7.899897539735493,0.6566067934036255,0.07981954514980316,0.5790956616401672,0.6566067934036255
472,3,3,0,0,15.910705147534317,7.971608613452851,0.4423346519470215,0.18663473427295685,0.7500222325325012,0.7500222325325012
160,3,3,0,0,16.558612840088404,8.096184946678632,0.6012899875640869,0.16147498786449432,0.19495518505573273,0.6012899875640869
401,3,3,0,0,13.19242916431324,8.146743583989387,0.6467966437339783,0.1670508235692978,0.3324093520641327,0.6467966437339783
353,3,3,0,0,24.12747916822237,8.151387252852734,0.5641862750053406,0.06471898406744003,0.4652366042137146,0.5641862750053406
167,3,3,0,0,16.54977214707692,8.206621565357386,0.65653395652771,0.04628748446702957,0.2747598886489868,0.65653395652771
222,3,3,0,0,11.92251783322044,8.25810147734117,0.31402942538261414,0.11282555758953094,0.7293581962585449,0.7293581962585449
316,3,3,0,1,16.836440660037226,8.399473839493822,0.2873710095882416,0.04293685778975487,0.31642231345176697,0.31642231345176697
92,3,3,0,0,15.661718313964487,8.47435689559886,0.44810497760772705,0.03237271308898926,0.49213260412216187,0.49213260412216187
247,3,3,0,1,19.09544959166642,8.482852945657132,0.2557021677494049,0.05008763447403908,0.8059041500091553,0.8059041500091553
431,3,3,0,0,15.172977626301034,8.495901773733417,0.6037283539772034,0.0836896225810051,0.3485117554664612,0.6037283539772034
25,3,3,0,0,15.139637821926504,8.520817100112858,0.7752615809440613,0.08543404191732407,0.044370658695697784,0.7752615809440613
331,3,3,0,1,9.505575117809249,8.55669093798316,0.6349276304244995,0.6948672533035278,0.39471128582954407,0.6948672533035278
274,3,3,0,0,16.06605759898764,8.682228889452105,0.4758569598197937,0.03423099219799042,0.1407228410243988,0.4758569598197937
109,3,3,0,1,15.918963081163588,8.720267670991593,0.4979397654533386,0.046214375644922256,0.6122050881385803,0.6122050881385803
207,3,3,0,1,10.607254737826734,8.744298543278715,0.6754266023635864,0.5789129734039307,0.307924747467041,0.6754266023635864
262,3,3,0,1,16.35765577721183,8.84984057570953,0.3635145127773285,0.017028940841555595,0.7735559940338135,0.7735559940338135
433,3,3,0,0,15.200817704572671,8.865891850957034,0.437608540058136,0.04031986743211746,0.7166143655776978,0.7166143655776978
425,3,3,0,0,14.679235137132219,8.879232548157649,0.26707080006599426,0.07847877591848373,0.5185214877128601,0.5185214877128601
293,3,3,0,0,14.310583164897317,8.912256692845869,0.6076500415802002,0.3493346869945526,0.16621170938014984,0.6076500415802002
254,3,3,0,0,9.301051450660767,8.956275232001857,0.17455728352069855,0.1545390784740448,0.19075661897659302,0.19075661897659302
203,3,3,0,0,16.171097602951278,8.960697314583852,0.6497954726219177,0.04742508754134178,0.2879296541213989,0.6497954726219177
7,3,3,0,0,12.233612315346553,8.968027110773122,0.6613966822624207,0.5677685141563416,0.24236324429512024,0.6613966822624207
183,3,3,0,0,15.239770912540664,8.99748633696856,0.5978411436080933,0.06747252494096756,0.4305146634578705,0.5978411436080933
449,3,3,0,0,14.890930149811203,9.045187099975898,0.8686969876289368,0.07072223722934723,0.20242710411548615,0.8686969876289368
184,3,3,0,0,15.922484597050186,9.054395269023573,0.5109054446220398,0.06595440953969955,0.14136196672916412,0.5109054446220398
98,3,3,0,1,20.001700645095884,9.065320177371373,0.2158803939819336,0.03990307077765465,0.6939061880111694,0.6939061880111694
434,3,3,0,1,15.608441653744963,9.132874998830316,0.6518883109092712,0.29152244329452515,0.08792366832494736,0.6518883109092712
66,3,3,0,1,15.909364573724844,9.152369606026966,0.5180235505104065,0.03594187647104263,0.6249554753303528,0.6249554753303528
342,3,3,0,0,14.031271031129364,9.280606303518697,0.3645906448364258,0.05384977534413338,0.8258011937141418,0.8258011937141418
407,3,3,0,0,15.587369720696222,9.349560420707771,0.5728467106819153,0.109488345682621,0.26434287428855896,0.5728467106819153
117,3,3,0,0,13.856724781247157,9.417074359242447,0.6858287453651428,0.08764158934354782,0.4662909507751465,0.6858287453651428
367,3,3,0,0,17.651932896923217,9.46179790715803,0.18372824788093567,0.16124629974365234,0.32407569885253906,0.32407569885253906
90,3,3,0,0,12.069788333448768,9.501878432991981,0.3251749277114868,0.07665085047483444,0.09385347366333008,0.3251749277114868
324,3,3,0,0,15.221087238444978,9.51715131137823,0.16087892651557922,0.06008826941251755,0.2693765163421631,0.2693765163421631
23,3,3,0,1,22.148992344373223,9.592202518295263,0.1507388800382614,0.0590740405023098,0.7450425028800964,0.7450425028800964
251,3,3,0,0,17.29800710340142,9.613871774891635,0.7769824266433716,0.06215168163180351,0.06919094175100327,0.7769824266433716
487,3,3,0,0,16.302280892242248,9.630917846063276,0.48894307017326355,0.09892649203538895,0.6435406804084778,0.6435406804084778
89,3,3,0,0,11.341192263967656,9.662655449166609,0.24167804419994354,0.10161243379116058,0.7546176910400391,0.7546176910400391
85,3,3,0,0,16.621493171332602,9.672962257031845,0.24048767983913422,0.14064739644527435,0.7033267617225647,0.7033267617225647
232,3,3,0,0,16.033089176271027,9.695417368089526,0.2936847507953644,0.13027794659137726,0.22147750854492188,0.2936847507953644
403,3,3,0,0,17.569794596040015,9.712650057541522,0.17849159240722656,0.10691682249307632,0.6763118505477905,0.6763118505477905
285,3,3,0,0,12.923811019993808,9.716832701839136,0.8069968223571777,0.27576377987861633,0.21763074398040771,0.8069968223571777
62,3,3,0,1,16.457814631901503,9.734127825677334,0.5640686750411987,0.06470084935426712,0.6885918974876404,0.6885918974876404
127,3,3,0,0,14.012706429020634,9.759074748711985,0.5845715403556824,0.23084670305252075,0.1334647536277771,0.5845715403556824
448,3,3,0,0,12.090783478899425,9.765098570157425,0.5202912092208862,0.2865949273109436,0.1468338817358017,0.5202912092208862
339,3,3,0,1,19.93688645432064,9.814530092450976,0.694012463092804,0.48683252930641174,0.07745325565338135,0.694012463092804
96,3,3,0,0,15.326888536250875,9.843191171492533,0.3119796812534332,0.0495326928794384,0.3194393813610077,0.3194393813610077
259,3,3,0,0,17.790948305281443,10.007462571796964,0.69733065366745,0.02863347716629505,0.3760295510292053,0.69733065366745
289,3,3,0,0,17.979941805872034,10.021288391866005,0.7668216228485107,0.046278152614831924,0.39339831471443176,0.7668216228485107
416,3,3,0,1,14.071345745952422,10.03736702216078,0.4174049198627472,0.02396237663924694,0.7900831699371338,0.7900831699371338
482,3,3,0,0,14.643392066544232,10.059040903034566,0.19483418762683868,0.1258513629436493,0.18638144433498383,0.19483418762683868
479,3,3,0,0,18.692711550729232,10.09815552406135,0.2026989459991455,0.06862255930900574,0.3251389265060425,0.3251389265060425
498,3,3,0,1,14.033205122733063,10.13631042588229,0.6612827181816101,0.6831090450286865,0.2325180172920227,0.6831090450286865
388,3,3,0,1,14.623407160883731,10.153504082908194,0.5935783386230469,0.15877030789852142,0.07703962922096252,0.5935783386230469
361,3,3,0,0,13.637683546655557,10.198703270534178,0.393636018037796,0.21614523231983185,0.24536079168319702,0.393636018037796
79,3,3,0,0,15.407375129080355,10.292020669561065,0.6030874848365784,0.06003057584166527,0.2389836311340332,0.6030874848365784
9,3,3,0,0,17.32293040582618,10.312419273547604,0.7127168774604797,0.03822082653641701,0.3983180522918701,0.7127168774604797
61,3,3,0,0,19.198500765993444,10.352297217558295,0.13847358524799347,0.15362539887428284,0.2728293836116791,0.2728293836116791
170,3,3,0,0,13.961553113872897,10.38737796758829,0.6074467301368713,0.12098174542188644,0.5807546377182007,0.6074467301368713
118,3,3,0,0,17.0893086197474,10.406602710811166,0.26215997338294983,0.05229858309030533,0.505521833896637,0.505521833896637
244,3,3,0,0,11.934757757011118,10.430038184128222,0.29355132579803467,0.10626634210348129,0.2224777340888977,0.29355132579803467
218,3,3,0,0,14.667164552524158,10.485331325092043,0.19092771410942078,0.1049768328666687,0.6369576454162598,0.6369576454162598
6,3,3,0,0,19.913151197241937,10.570884274528252,0.08323394507169724,0.05853055417537689,0.14717426896095276,0.14717426896095276
412,3,3,0,0,16.475659897420268,10.603074368156447,0.5608323216438293,0.04550734907388687,0.33432966470718384,0.5608323216438293
301,3,3,0,1,14.235177689653582,10.632464088059399,0.32258713245391846,0.029000049456954002,0.47135958075523376,0.47135958075523376
181,3,3,0,0,16.91550816240941,10.641742095869127,0.27985185384750366,0.21762268245220184,0.3219875395298004,0.3219875395298004
370,3,3,0,0,18.583629576139614,10.645578369010604,0.6974849104881287,0.04232669994235039,0.5459437370300293,0.6974849104881287
71,3,3,0,0,17.127702284744537,10.67366944443913,0.0957656279206276,0.10268479585647583,0.45521238446235657,0.45521238446235657
297,3,3,0,1,21.963810014583967,10.724592796269174,0.11211219429969788,0.05278986692428589,0.1840583235025406,0.1840583235025406
126,3,3,0,0,14.781305207790703,10.823800835312598,0.35406503081321716,0.1066901683807373,0.09144708514213562,0.35406503081321716
423,3,3,0,0,16.236477017552108,10.887183475492247,0.7654333710670471,0.12290636450052261,0.06233442947268486,0.7654333710670471
452,3,3,0,1,18.60398797893548,10.936913061964226,0.3511172831058502,0.048272307962179184,0.6690988540649414,0.6690988540649414
399,3,3,0,0,19.470168006993987,10.947529962801031,0.14955157041549683,0.031048722565174103,0.1023697778582573,0.14955157041549683
215,3,3,0,0,17.160106835118768,10.989077975231542,0.13882705569267273,0.03531468287110329,0.11758125573396683,0.13882705569267273
435,3,3,0,1,15.894375626020695,11.043980975520263,0.370379239320755,0.0321865975856781,0.7374045252799988,0.7374045252799988
372,3,3,0,0,12.284568070692542,11.052833665243094,0.20603986084461212,0.10684410482645035,0.6325775384902954,0.6325775384902954
195,3,3,0,0,18.451651853277244,11.162944537912626,0.07726600766181946,0.05766300484538078,0.13861533999443054,0.13861533999443054
13,3,3,0,0,16.272477424107866,11.200215894000555,0.3195490539073944,0.04538895562291145,0.16281545162200928,0.3195490539073944
439,3,3,0,0,17.772902245270046,11.237518742424259,0.28090620040893555,0.042788244783878326,0.7986507415771484,0.7986507415771484
124,3,3,0,0,14.479589477091672,11.325085901523208,0.3990509510040283,0.07999387383460999,0.5324486494064331,0.5324486494064331
54,3,3,0,0,18.227959153805838,11.36202466625622,0.522003173828125,0.02360469661653042,0.45246440172195435,0.522003173828125
451,3,3,0,0,18.969997320973253,11.369724186876729,0.302026629447937,0.04056395962834358,0.7374699711799622,0.7374699711799622
193,3,3,0,0,14.417507164436307,11.370008256304947,0.1821235567331314,0.0844826027750969,0.7181562185287476,0.7181562185287476
414,3,3,0,0,12.015252285450861,11.38540117909513,0.3670283257961273,0.08509528636932373,0.4668463468551636,0.4668463468551636
328,3,3,0,1,18.709562408132907,11.480288368958824,0.4429451823234558,0.02857237681746483,0.19153478741645813,0.4429451823234558
176,3,3,0,1,13.782750144407379,11.560235613197325,0.642882227897644,0.5499336123466492,0.5073890686035156,0.642882227897644
32,3,3,0,0,13.675989096062295,11.59933494539965,0.5015223622322083,0.027082374319434166,0.3292641043663025,0.5015223622322083
347,3,3,0,0,16.170279071803346,11.610755881343325,0.5839292407035828,0.05181985720992088,0.5315812826156616,0.5839292407035828
188,3,3,0,1,14.417405372041863,11.659144103717551,0.4889139235019684,0.0501323826611042,0.5846318602561951,0.5846318602561951
165,3,3,0,0,18.10087131605403,11.774684267423789,0.8259460926055908,0.12651599943637848,0.0778031274676323,0.8259460926055908
231,3,3,0,0,17.768024092039298,11.797293878298543,0.08461198210716248,0.06812416017055511,0.4241613447666168,0.4241613447666168
248,3,3,0,1,18.10510357560153,11.79825629502495,0.4988045394420624,0.028121011331677437,0.6620431542396545,0.6620431542396545
287,3,3,0,0,15.981189834277592,11.812141686378459,0.31144991517066956,0.06912002712488174,0.7947850823402405,0.7947850823402405
114,3,3,0,0,16.987065454037733,11.829217661647164,0.7583134770393372,0.024323543533682823,0.306417316198349,0.7583134770393372
268,3,3,0,0,16.69542680885013,11.830388006620407,0.7527376413345337,0.030687157064676285,0.4136117994785309,0.7527376413345337
112,3,3,0,1,16.121358666800997,11.83710205905836,0.6890200972557068,0.03263477981090546,0.4479253888130188,0.6890200972557068
387,3,3,0,1,18.141126426962938,11.881343615181246,0.49005749821662903,0.029823167249560356,0.6505447030067444,0.6505447030067444
228,3,3,0,0,18.46862766738165,11.888767255843476,0.07312597334384918,0.028914624825119972,0.17679904401302338,0.17679904401302338
305,3,3,0,0,15.345759721652556,11.903321454184628,0.4092075824737549,0.13064424693584442,0.2766704559326172,0.4092075824737549
164,3,3,0,0,20.552700382937363,11.926654086692196,0.4115235209465027,0.025788288563489914,0.22155800461769104,0.4115235209465027
178,3,3,0,0,19.499208816665348,11.965585901103362,0.08029013872146606,0.06253242492675781,0.4255828261375427,0.4255828261375427
199,3,3,0,0,16.30588909966399,12.007318698218896,0.1171441376209259,0.07621945440769196,0.676848828792572,0.676848828792572
481,3,3,0,1,16.33118217829853,12.017252678368774,0.2596960961818695,0.0787724182009697,0.13939891755580902,0.2596960961818695
2,3,3,0,0,17.182314560455485,12.019864885645235,0.17106296122074127,0.06525474786758423,0.0677984356880188,0.17106296122074127
432,3,3,0,0,18.37356451215963,12.038329091352459,0.30833545327186584,0.06582114100456238,0.7544481158256531,0.7544481158256531
192,3,3,0,1,16.732969489641516,12.111162356606911,0.32647040486335754,0.05304830148816109,0.6109570264816284,0.6109570264816284
384,3,3,0,0,21.603098430943806,12.154891172586709,0.30893170833587646,0.04737503454089165,0.2890318036079407,0.30893170833587646
392,3,3,0,0,17.64835716964004,12.19536350519375,0.35851672291755676,0.05627802014350891,0.5123960971832275,0.5123960971832275
53,3,3,0,0,20.47463894519437,12.208561261373582,0.09831790626049042,0.062133051455020905,0.8069393038749695,0.8069393038749695
454,3,3,0,0,19.433608118806827,12.213061242156904,0.18062050640583038,0.16410677134990692,0.34771373867988586,0.34771373867988586
36,3,3,0,0,18.581988588297353,12.225413382445312,0.2407885491847992,0.02250169776380062,0.05729459226131439,0.2407885491847992
63,3,3,0,0,16.358342178399003,12.248854227814368,0.5950360894203186,0.04215189069509506,0.3903416395187378,0.5950360894203186
121,3,3,0,0,17.8932299483273,12.383641212200397,0.6926425099372864,0.025344697758555412,0.3493576943874359,0.6926425099372864
355,3,3,0,1,16.34730568027179,12.384473278520918,0.37698492407798767,0.030716227367520332,0.68593430519104,0.68593430519104
460,3,3,0,0,20.237191800952022,12.432420212019078,0.18938179314136505,0.05689796060323715,0.621955156326294,0.621955156326294
94,3,3,0,0,14.636352472106184,12.487500896700588,0.19440589845180511,0.09286906570196152,0.43610846996307373,0.43610846996307373
0,3,3,0,1,16.909375732817583,12.545816197037327,0.6983940005302429,0.035132501274347305,0.580150306224823,0.6983940005302429
217,3,3,0,1,17.952619686326234,12.5730831645071,0.42437228560447693,0.023704204708337784,0.6792016625404358,0.6792016625404358
15,3,3,0,0,16.736667366166465,12.658284739658303,0.5923268795013428,0.09635359048843384,0.15407004952430725,0.5923268795013428
93,3,3,0,0,16.775269064054765,12.666582682614465,0.45559194684028625,0.03794243559241295,0.20493562519550323,0.45559194684028625
211,3,3,0,1,21.045000792805507,12.6694141788525,0.761517345905304,0.3775482177734375,0.05947649106383324,0.761517345905304
42,3,3,0,1,19.477210179955662,12.671961601318575,0.6043557524681091,0.49031615257263184,0.06803735345602036,0.6043557524681091
368,3,3,0,0,15.487498277087786,12.681897059347735,0.45936325192451477,0.0441727414727211,0.49969232082366943,0.49969232082366943
4,3,3,0,0,19.465140069034906,12.742084638677408,0.08745402842760086,0.04758294299244881,0.12472403049468994,0.12472403049468994
383,3,3,0,0,16.383852456268126,12.769897067606669,0.35731908679008484,0.04817274957895279,0.29017770290374756,0.35731908679008484
40,3,3,0,1,16.19475941886243,12.835972439516967,0.47212108969688416,0.02038721553981304,0.7432776093482971,0.7432776093482971
241,3,3,0,0,19.834219387798772,12.856840776446887,0.15564905107021332,0.13946977257728577,0.4603732228279114,0.4603732228279114
201,3,3,0,0,22.492129024834483,12.877359688695584,0.1623094528913498,0.1089564636349678,0.43319007754325867,0.43319007754325867
427,3,3,0,0,17.634123521984417,12.92216341760132,0.48116064071655273,0.04550546407699585,0.09373139590024948,0.48116064071655273
442,3,3,0,1,16.58292851951324,12.99665471961823,0.31881630420684814,0.048873502761125565,0.12985168397426605,0.31881630420684814
325,3,3,0,0,21.446254543373982,12.99872573625877,0.12498876452445984,0.08321640640497208,0.5841528177261353,0.5841528177261353
260,3,3,0,0,17.009874715343265,13.030438354225407,0.5944867134094238,0.035500846803188324,0.43920210003852844,0.5944867134094238
277,3,3,0,0,16.955437498800283,13.088281338714557,0.311046838760376,0.09699194133281708,0.20339684188365936,0.311046838760376
230,3,3,0,0,17.43203040786899,13.095348871012913,0.1864064335823059,0.068549245595932,0.4984692931175232,0.4984692931175232
245,3,3,0,0,17.172674094750548,13.106293265880671,0.3589830994606018,0.052803948521614075,0.45336291193962097,0.45336291193962097
282,3,3,0,0,18.159043771152866,13.109818748342413,0.4841957092285156,0.05087610334157944,0.4583713412284851,0.4841957092285156
182,3,3,0,0,16.730713333408072,13.113369128447184,0.5403302907943726,0.06700079888105392,0.2560119926929474,0.5403302907943726
264,3,3,0,1,16.832014971747444,13.189743774997645,0.5372809171676636,0.040559541434049606,0.6530682444572449,0.6530682444572449
159,3,3,0,0,14.313994736344062,13.206237514439831,0.49578285217285156,0.047489143908023834,0.6027325987815857,0.6027325987815857
30,3,3,0,0,20.91238664988522,13.236806660311318,0.10962238162755966,0.07756160944700241,0.2656063139438629,0.2656063139438629
10,3,3,0,0,19.379872347242493,13.255203000624034,0.21624787151813507,0.10640722513198853,0.7067028880119324,0.7067028880119324
45,3,3,0,0,23.107713308181328,13.337139269593653,0.10844216495752335,0.062567338347435,0.06966542452573776,0.10844216495752335
492,3,3,0,0,15.814099580255785,13.382274677115989,0.45548179745674133,0.029890919104218483,0.644199550151825,0.644199550151825
17,3,3,0,0,14.255474922398557,13.48876457424209,0.10323803126811981,0.07054319232702255,0.3147279918193817,0.3147279918193817
106,3,3,0,0,21.11583993763767,13.49378535951434,0.08791706711053848,0.06669629365205765,0.15649594366550446,0.15649594366550446
409,3,3,0,0,18.609148510774222,13.529687321645945,0.7269231677055359,0.027770761400461197,0.20078164339065552,0.7269231677055359
440,3,3,0,1,17.936929774147412,13.634908472564945,0.5824017524719238,0.027050185948610306,0.5224937200546265,0.5824017524719238
359,3,3,0,1,19.2309650594914,13.785447612136561,0.5842089653015137,0.03421502560377121,0.39115455746650696,0.5842089653015137
380,3,3,0,0,17.06708091139253,13.789370213430718,0.39665260910987854,0.25169429183006287,0.6157099008560181,0.6157099008560181
111,3,3,0,1,17.785103422037995,13.822455777594747,0.654511034488678,0.02819855883717537,0.3580940365791321,0.654511034488678
429,3,3,0,0,22.09016566533211,13.828607418473695,0.12407653033733368,0.04862096905708313,0.04526763781905174,0.12407653033733368
125,3,3,0,1,21.28194664587917,13.9094715243019,0.72410649061203,0.4997779130935669,0.07654235512018204,0.72410649061203
464,3,3,0,1,16.609400245766363,13.966157041631691,0.561617910861969,0.050072263926267624,0.5958576202392578,0.5958576202392578
378,3,3,0,0,16.37776483760549,13.969321141079405,0.6568838357925415,0.029894579201936722,0.30808842182159424,0.6568838357925415
319,3,3,0,1,18.717958190541896,14.008160081342908,0.41892123222351074,0.04728081077337265,0.6300235986709595,0.6300235986709595
358,3,3,0,0,16.979812834508653,14.046703083524415,0.42027339339256287,0.04831909388303757,0.7636803984642029,0.7636803984642029
77,3,3,0,1,17.24371774758572,14.060051431024057,0.5588516592979431,0.04931394010782242,0.6586237549781799,0.6586237549781799
352,3,3,0,0,20.911630653930402,14.182323217724283,0.26568707823753357,0.0797385424375534,0.784745454788208,0.784745454788208
283,3,3,0,1,18.510081456778327,14.188750745841787,0.666926383972168,0.5870917439460754,0.21876293420791626,0.666926383972168
84,3,3,0,0,16.86096900531803,14.203309630255356,0.17696206271648407,0.06679931282997131,0.3945918381214142,0.3945918381214142
348,3,3,0,1,18.206597259445232,14.252658008339502,0.4229235351085663,0.026123397052288055,0.7649989128112793,0.7649989128112793
271,3,3,0,0,22.54781512085152,14.338219769911193,0.14492358267307281,0.08893203735351562,0.4037330150604248,0.4037330150604248
278,3,3,0,0,23.91361756673929,14.37790397624961,0.34377408027648926,0.04526849091053009,0.7809448838233948,0.7809448838233948
105,3,3,0,1,17.765941040480417,14.489086021630877,0.7161148190498352,0.12766951322555542,0.061761606484651566,0.7161148190498352
374,3,3,0,0,21.03724758814676,14.508332880127297,0.08120696991682053,0.0612228587269783,0.2909906506538391,0.2909906506538391
130,3,3,0,0,19.495322590073688,14.508784691606893,0.5051233172416687,0.05694308131933212,0.2283497005701065,0.5051233172416687
363,3,3,0,0,16.23010035945163,14.52033502936428,0.42387884855270386,0.0488102100789547,0.3470856845378876,0.42387884855270386
200,3,3,0,0,21.673860690846492,14.533587167917892,0.17398539185523987,0.029600488021969795,0.032305680215358734,0.17398539185523987
441,3,3,0,0,18.912422908600785,14.554628179469798,0.5185415744781494,0.04432445019483566,0.13546930253505707,0.5185415744781494
16,3,3,0,0,17.371423656504998,14.611386089990647,0.29786157608032227,0.05420121178030968,0.6935489177703857,0.6935489177703857
1,3,3,0,0,18.524215769307244,14.64035320207296,0.5009644627571106,0.05746694654226303,0.34788286685943604,0.5009644627571106
27,3,3,0,0,20.93466816242346,14.886153271101689,0.14871104061603546,0.0810212716460228,0.08009934425354004,0.14871104061603546
490,3,3,0,0,21.918181095787215,14.934813263935343,0.1576225459575653,0.09352000802755356,0.5103538632392883,0.5103538632392883
83,3,3,0,0,17.728530998403134,14.937819715819838,0.09352565556764603,0.06958955526351929,0.20827510952949524,0.20827510952949524
250,3,3,0,0,17.479667678628733,15.027410757396211,0.8212963342666626,0.0251037385314703,0.3842430114746094,0.8212963342666626
261,3,3,0,0,20.939113041140157,15.045854444909562,0.14652736485004425,0.029084449633955956,0.037118829786777496,0.14652736485004425
87,3,3,0,0,18.41614313662021,15.052600515895147,0.23325666785240173,0.05614041909575462,0.11248008906841278,0.23325666785240173
320,3,3,0,0,15.544113686534644,15.079646640679329,0.8305412530899048,0.5204299092292786,0.6269415616989136,0.8305412530899048
67,3,3,0,0,18.914060447949005,15.133525804833562,0.23604846000671387,0.10841736197471619,0.5878229141235352,0.5878229141235352
444,3,3,0,1,18.77150907211824,15.144320859277936,0.555518627166748,0.018458804115653038,0.6348389983177185,0.6348389983177185
438,3,3,0,0,19.822929591519944,15.206965073026952,0.3768726587295532,0.03164731338620186,0.45648708939552307,0.45648708939552307
256,3,3,0,0,17.269537507297738,15.248139228669258,0.5754956007003784,0.09720295667648315,0.03616068512201309,0.5754956007003784
70,3,3,0,0,16.977729771241872,15.320122915236205,0.39530831575393677,0.03863120451569557,0.6167787909507751,0.6167787909507751
350,3,3,0,1,18.34651282244693,15.427960353409265,0.6301191449165344,0.4381631314754486,0.08310757577419281,0.6301191449165344
300,3,3,0,0,25.44095936014863,15.488185044084826,0.07805562764406204,0.06826362758874893,0.16478249430656433,0.16478249430656433
108,3,3,0,0,18.899397334808942,15.502686121218348,0.2843136787414551,0.031106777489185333,0.0392308235168457,0.2843136787414551
104,3,3,0,0,21.944259195458457,15.508755695573461,0.17169712483882904,0.13732804358005524,0.5358318090438843,0.5358318090438843
469,3,3,0,0,16.637383150914633,15.546132346503613,0.504871129989624,0.052273139357566833,0.5222410559654236,0.5222410559654236
398,3,3,0,1,19.674038257943508,15.582485662973038,0.39138710498809814,0.43124088644981384,0.07012810558080673,0.43124088644981384
22,3,3,0,0,17.996220053280847,15.613210544178063,0.4304712414741516,0.05729416757822037,0.19887928664684296,0.4304712414741516
459,3,3,0,0,20.895713334834323,15.638546474072115,0.30649030208587646,0.2091526985168457,0.0880851224064827,0.30649030208587646
394,3,3,0,0,18.96639666102073,15.825051468010367,0.5437389016151428,0.23777124285697937,0.23788703978061676,0.5437389016151428
321,3,3,0,0,17.202770726032607,15.845228036374515,0.6381297707557678,0.036324284970760345,0.3199235200881958,0.6381297707557678
64,3,3,0,0,18.962161684249832,15.886683069495053,0.41041430830955505,0.054549310356378555,0.09836190938949585,0.41041430830955505
123,3,3,0,0,20.206123952622594,15.964583700628813,0.15649081766605377,0.11255583167076111,0.7070358395576477,0.7070358395576477
365,3,3,0,0,20.263149878885667,16.011253020763647,0.4888700842857361,0.08996085077524185,0.0569659098982811,0.4888700842857361
158,3,3,0,0,20.36904038587225,16.030898012006528,0.09921547770500183,0.07241365313529968,0.11886224895715714,0.11886224895715714
436,3,3,0,0,21.752123265614063,16.0395882753931,0.21838222444057465,0.04246019572019577,0.06040536239743233,0.21838222444057465
185,3,3,0,1,19.460145588980357,16.19807151312321,0.384613573551178,0.044415682554244995,0.2940983176231384,0.384613573551178
47,3,3,0,0,18.723515525324718,16.202009700536546,0.6946800947189331,0.043256837874650955,0.5285067558288574,0.6946800947189331
381,3,3,0,0,17.601840966600506,16.212758935027637,0.37779566645622253,0.11589636653661728,0.7265100479125977,0.7265100479125977
462,3,3,0,0,17.016387225048508,16.241578823861747,0.16877806186676025,0.17864197492599487,0.11836858838796616,0.17864197492599487
364,3,3,0,0,18.50010327479627,16.295477799345655,0.3476957678794861,0.08727080374956131,0.48695260286331177,0.48695260286331177
485,3,3,0,0,23.37836490233971,16.33717140597287,0.28811588883399963,0.04932215437293053,0.51384037733078,0.51384037733078
103,3,3,0,0,19.821251350325888,16.34665238114173,0.30286112427711487,0.043886300176382065,0.066872738301754,0.30286112427711487
473,3,3,0,0,20.71638792158932,16.370425413562245,0.39149951934814453,0.06226043030619621,0.6318551301956177,0.6318551301956177
141,3,3,0,0,22.53609350215852,16.377908335169423,0.2042822688817978,0.06602410227060318,0.05523073300719261,0.2042822688817978
375,3,3,0,1,21.885025198113823,16.442762913830407,0.7207326889038086,0.4456394612789154,0.08885812014341354,0.7207326889038086
286,3,3,0,0,20.278828964291986,16.45515629362226,0.45509862899780273,0.03453874588012695,0.6379019021987915,0.6379019021987915
272,3,3,0,0,18.29656473078619,16.471421150373992,0.2598010301589966,0.11927847564220428,0.049465250223875046,0.2598010301589966
75,3,3,0,1,17.465323372610197,16.483344017661153,0.3625843822956085,0.02981242910027504,0.6089251041412354,0.6089251041412354
295,3,3,0,0,19.816072223394702,16.548474166488347,0.7126035690307617,0.0322084054350853,0.46527567505836487,0.7126035690307617
24,3,3,0,0,21.48320286803516,16.598277036394094,0.7350147366523743,0.030094970017671585,0.31353524327278137,0.7350147366523743
38,3,3,0,0,22.206892330909692,16.64551615990924,0.2581024169921875,0.04674554616212845,0.05200513079762459,0.2581024169921875
466,3,3,0,0,23.169203431594525,16.666117058679557,0.08092078566551208,0.05368070676922798,0.11653729528188705,0.11653729528188705
147,3,3,0,0,20.109679981345632,16.723297864616974,0.1447729468345642,0.08270259946584702,0.23818781971931458,0.23818781971931458
290,3,3,0,0,22.866812694817217,16.731450359004626,0.11330307275056839,0.03891951963305473,0.05375532805919647,0.11330307275056839
236,3,3,0,0,19.256154829278973,16.77800480054551,0.12107667326927185,0.09391486644744873,0.1760989874601364,0.1760989874601364
458,3,3,0,0,20.922145651149926,16.802212029961332,0.137769877910614,0.0747704952955246,0.10936608910560608,0.137769877910614
385,3,3,0,1,18.442760249180157,16.930973665138513,0.7188239693641663,0.028806554153561592,0.6178421378135681,0.7188239693641663
379,3,3,0,0,20.730885502714056,16.945993363198887,0.49734464287757874,0.029362741857767105,0.5450869798660278,0.5450869798660278
313,3,3,0,1,20.190371346721378,16.969417092437922,0.4291687309741974,0.03232882171869278,0.678083598613739,0.678083598613739
488,3,3,0,1,19.42834216401531,17.014236677941554,0.45619478821754456,0.024598000571131706,0.6885250806808472,0.6885250806808472
18,3,3,0,0,22.688175399305397,17.074228064914486,0.16405600309371948,0.12628570199012756,0.69138103723526,0.69138103723526
335,3,3,0,1,23.790952689988057,17.128572190280718,0.4324118494987488,0.08600558340549469,0.8124498724937439,0.8124498724937439
145,3,3,0,0,19.371778981071916,17.14811392422007,0.45135951042175293,0.03125682473182678,0.25821372866630554,0.45135951042175293
252,3,3,0,0,27.920611781136017,17.404689693059503,0.17405405640602112,0.03467226400971413,0.06658440083265305,0.17405405640602112
400,3,3,0,0,18.871037488721054,17.411533098599108,0.45097213983535767,0.06000453233718872,0.288260281085968,0.45097213983535767
284,3,3,0,0,20.21772170274065,17.423008782115218,0.09921843558549881,0.05866272747516632,0.12086616456508636,0.12086616456508636
169,3,3,0,0,23.7693042564039,17.43821567547073,0.09660723805427551,0.037703774869441986,0.08133090287446976,0.09660723805427551
453,3,3,0,0,20.141906696090295,17.52730571228548,0.2320725917816162,0.06269597262144089,0.10623418539762497,0.2320725917816162
270,3,3,0,0,21.75455265944957,17.528889798767402,0.18969984352588654,0.02628219500184059,0.21106795966625214,0.21106795966625214
391,3,3,0,0,22.727674621173126,17.53998773877052,0.23957259953022003,0.02639761008322239,0.18164978921413422,0.23957259953022003
172,3,3,0,0,23.031874828685726,17.567228988164842,0.33374184370040894,0.049561966210603714,0.575957715511322,0.575957715511322
395,3,3,0,0,18.892788482139746,17.569173744811753,0.23482166230678558,0.10455459356307983,0.25090616941452026,0.25090616941452026
60,3,3,0,0,20.44757938669301,17.590075223222456,0.6273279786109924,0.024786608293652534,0.35206395387649536,0.6273279786109924
461,3,3,0,0,21.305597339318343,17.781554396843475,0.2016797512769699,0.10351824760437012,0.16750651597976685,0.2016797512769699
56,3,3,0,0,21.32334148562217,17.817018103760823,0.24506767094135284,0.07857177406549454,0.046198103576898575,0.24506767094135284
238,3,3,0,0,23.347613427521534,17.832325406396503,0.42176389694213867,0.03280005604028702,0.1502169966697693,0.42176389694213867
190,3,3,0,0,20.86816403055399,17.95272023006445,0.3219129741191864,0.14678561687469482,0.047344889491796494,0.3219129741191864
221,3,3,0,0,25.21566393839248,17.962142743318083,0.09503055363893509,0.06407153606414795,0.34890174865722656,0.34890174865722656
91,3,3,0,0,20.321192497973,18.02603877424317,0.13341936469078064,0.07008284330368042,0.1690131425857544,0.1690131425857544
246,3,3,0,0,24.60385148581663,18.130713654523852,0.09862552583217621,0.06307099014520645,0.200713112950325,0.200713112950325
298,3,3,0,0,19.280290189209524,18.172967777539505,0.6494143009185791,0.02704865112900734,0.3314754068851471,0.6494143009185791
88,3,3,0,0,19.162550728439445,18.192889991469908,0.39004912972450256,0.06974927335977554,0.4126392602920532,0.4126392602920532
58,3,3,0,0,26.156835468581164,18.21832244907621,0.08544375002384186,0.06915063410997391,0.05763797461986542,0.08544375002384186
345,3,3,0,0,23.289420120114855,18.252435386702302,0.29710233211517334,0.07082458585500717,0.08417653292417526,0.29710233211517334
227,3,3,0,0,18.96993621603134,18.671795476222265,0.5200697779655457,0.02771424874663353,0.320353627204895,0.5200697779655457
302,3,3,0,0,21.95675771949281,18.68142815787737,0.18289552628993988,0.11943911015987396,0.5273523330688477,0.5273523330688477
242,3,3,0,0,20.91556952838621,18.70595629943969,0.21981966495513916,0.0514865405857563,0.09073749929666519,0.21981966495513916
424,3,3,0,0,22.799037274038664,18.75846280153369,0.23714759945869446,0.04420456290245056,0.039003681391477585,0.23714759945869446
86,3,3,0,0,21.816627148229248,18.777370198783892,0.11304906010627747,0.05466974899172783,0.11260131001472473,0.11304906010627747
129,3,3,0,0,21.29778607212891,18.852969966201492,0.09044579416513443,0.05267486348748207,0.06912074983119965,0.09044579416513443
101,3,3,0,0,21.638845329113366,18.946372171806964,0.35469871759414673,0.06184615567326546,0.31942710280418396,0.35469871759414673
314,3,3,0,1,19.855039900400946,18.952120887574225,0.4522150456905365,0.03246389701962471,0.7287948727607727,0.7287948727607727
74,3,3,0,1,25.58283237934585,19.040990702152577,0.14770592749118805,0.05262824892997742,0.30650728940963745,0.30650728940963745
315,3,3,0,0,30.265508899218645,19.047677088797194,0.076747365295887,0.040259137749671936,0.06919198483228683,0.076747365295887
189,3,3,0,0,24.2353144380962,19.12891662120289,0.09541136771440506,0.04449336975812912,0.08461563289165497,0.09541136771440506
495,3,3,0,1,19.852524919660034,19.28655136612165,0.6917474865913391,0.04299943521618843,0.3466862440109253,0.6917474865913391
296,3,3,0,1,21.802471762423604,19.379584759982656,0.3864612281322479,0.02615666761994362,0.4173262119293213,0.4173262119293213
142,3,3,0,0,21.134764325872727,19.380999287484187,0.06594130396842957,0.054563358426094055,0.11838038265705109,0.11838038265705109
51,3,3,0,0,20.853234285954823,19.39967921441658,0.14012371003627777,0.05765808746218681,0.08443593233823776,0.14012371003627777
173,3,3,0,0,22.901746453013573,19.504032219532515,0.058266736567020416,0.026965321972966194,0.071711964905262,0.071711964905262
455,3,3,0,0,24.15986010897214,19.51867238591993,0.2091691941022873,0.02704654261469841,0.037232886999845505,0.2091691941022873
275,3,3,0,1,24.61284884383788,19.62907686895521,0.3580683171749115,0.030739475041627884,0.35362598299980164,0.3580683171749115
196,3,3,0,0,23.573933055116395,19.69368488572229,0.0816064178943634,0.036703698337078094,0.05380392447113991,0.0816064178943634
68,3,3,0,0,24.562833175513987,19.79642352770208,0.11158556491136551,0.06916370987892151,0.2641054093837738,0.2641054093837738
480,3,3,0,1,23.83517485179463,19.882941703370168,0.15437008440494537,0.06313224136829376,0.060038547962903976,0.15437008440494537
179,3,3,0,0,24.034556434546786,19.901527549275684,0.1654791533946991,0.07674207538366318,0.047643620520830154,0.1654791533946991
14,3,3,0,0,22.893501023450014,19.95429633933984,0.09858611226081848,0.035166721791028976,0.0694703534245491,0.09858611226081848
138,3,3,0,0,22.664734775422374,20.022727714428743,0.17036406695842743,0.08604144304990768,0.059774741530418396,0.17036406695842743
494,3,3,0,0,25.07633924689644,20.116068550842076,0.055776067078113556,0.05780111625790596,0.059293609112501144,0.059293609112501144
122,3,3,0,0,20.720383369339313,20.16321387525938,0.28236186504364014,0.0632844790816307,0.3370739221572876,0.3370739221572876
110,3,3,0,1,21.55608647461243,20.179328120564055,0.31766241788864136,0.19788867235183716,0.05836673453450203,0.31766241788864136
405,3,3,0,0,22.504027089579,20.186850477540553,0.13761964440345764,0.0843292698264122,0.08292718976736069,0.13761964440345764
48,3,3,0,0,23.201301981153538,20.38174543403645,0.26255759596824646,0.1284012645483017,0.0911533460021019,0.26255759596824646
180,3,3,0,1,24.056514325633074,20.419834233112017,0.29749664664268494,0.11844971030950546,0.03572418540716171,0.29749664664268494
491,3,3,0,1,21.670930337131665,20.43212066627692,0.600793719291687,0.5727248191833496,0.12517936527729034,0.600793719291687
323,3,3,0,1,23.445874270096862,20.5419025171651,0.5089565515518188,0.03566782921552658,0.616902768611908,0.616902768611908
52,3,3,0,0,26.221918962364132,20.59215230348054,0.09429392963647842,0.032711610198020935,0.07039277255535126,0.09429392963647842
456,3,3,0,0,23.89347228131469,20.681246929553645,0.22357116639614105,0.03891799971461296,0.07034392654895782,0.22357116639614105
157,3,3,0,0,22.811088451752227,20.8678649094382,0.0841270461678505,0.05137980356812477,0.06995818018913269,0.0841270461678505
72,3,3,0,0,24.428915821194845,20.997118253349804,0.18563982844352722,0.15474526584148407,0.06056969240307808,0.18563982844352722
478,3,3,0,0,31.033615835169684,21.040259011045507,0.135374054312706,0.07056593894958496,0.08122102171182632,0.135374054312706
8,3,3,0,0,23.800491381371746,21.103085092103623,0.24318620562553406,0.03775393217802048,0.04506406933069229,0.24318620562553406
243,3,3,0,0,25.536737462872527,21.1977119810411,0.04882887378334999,0.031183285638689995,0.04116884991526604,0.04882887378334999
499,3,3,0,0,28.50960904139568,21.725127076873783,0.17887631058692932,0.048563212156295776,0.03329110145568848,0.17887631058692932
486,3,3,0,0,25.86954160300108,22.017900883612583,0.16406264901161194,0.08612240850925446,0.04950018972158432,0.16406264901161194
406,3,3,0,0,24.322130423267897,22.02848264365197,0.16486677527427673,0.026127023622393608,0.04360036179423332,0.16486677527427673
357,3,3,0,0,22.308952333746287,22.075715102548912,0.2140062153339386,0.05587662383913994,0.0666644498705864,0.2140062153339386
128,3,3,0,0,27.21276332955316,22.21821024210831,0.14951404929161072,0.04472089558839798,0.055050078779459,0.14951404929161072
410,3,3,0,0,28.405570710713622,22.725759526212485,0.06588215380907059,0.036304645240306854,0.04379758983850479,0.06588215380907059
156,3,3,0,0,25.113217551539076,22.9351864236363,0.1780756711959839,0.05689436197280884,0.047730639576911926,0.1780756711959839
171,3,3,0,0,23.84756645752833,22.96397568938381,0.0962020605802536,0.04614824801683426,0.0699649527668953,0.0962020605802536
219,3,3,0,0,29.049177747954953,22.970965765652224,0.10680533945560455,0.0603693425655365,0.0963631197810173,0.10680533945560455
318,3,3,0,0,26.056300486925977,23.2627101483842,0.30599406361579895,0.05048678070306778,0.03739233314990997,0.30599406361579895
475,3,3,0,0,28.656678310533533,23.556621536550907,0.06995897740125656,0.04397857189178467,0.049769941717386246,0.06995897740125656
229,3,3,0,0,25.766015411131182,23.67366807334673,0.09338108450174332,0.03517311438918114,0.06292863190174103,0.09338108450174332
450,3,3,0,0,27.29247667278692,24.243499533305545,0.23070096969604492,0.022762246429920197,0.04377131536602974,0.23070096969604492
420,3,3,0,0,30.515417318188586,24.4110820504264,0.06412043422460556,0.02553112432360649,0.03719230741262436,0.06412043422460556
216,3,3,0,0,27.317195068417107,24.681352294747022,0.07532241195440292,0.03708387911319733,0.040550656616687775,0.07532241195440292
304,3,3,0,0,27.400245421895452,25.216286312114796,0.07888910919427872,0.034560542553663254,0.049597594887018204,0.07888910919427872
210,3,3,0,0,28.821272464915467,25.233166713697653,0.06108500808477402,0.04745545610785484,0.06684480607509613,0.06684480607509613
311,3,3,0,0,28.868099964656086,25.517227282742077,0.09119809418916702,0.043225180357694626,0.05357395485043526,0.09119809418916702
334,3,3,0,0,28.392667666556093,25.892625074509745,0.08647506684064865,0.023529501631855965,0.043235111981630325,0.08647506684064865
26,3,3,0,0,28.844275630484827,26.19364217835706,0.051624950021505356,0.024449961259961128,0.03378668799996376,0.051624950021505356
115,3,3,0,0,27.63873101294102,26.454544068329334,0.08756693452596664,0.025529464706778526,0.058065012097358704,0.08756693452596664
